{
  "project_info": {
    "project_number": "950245445924",
    "project_id": "musicplayer-9e4d3",
    "storage_bucket": "musicplayer-9e4d3.appspot.com"
  },
  "client": [
    {
      "client_info": {
        "mobilesdk_app_id": "1:950245445924:android:e9ece58772daa78125e3b1",
        "android_client_info": {
          "package_name": "com.example.musicplayer"
        }
      },
      "oauth_client": [
        {
          "client_id": "950245445924-ngesr123ek079hsicsa353s6eionnj3v.apps.googleusercontent.com",
          "client_type": 3
        }
      ],
      "api_key": [
        {
          "current_key": "AIzaSyBHtPJ073YyVPnnfvYaQQTByjavHIcuENo"
        }
      ],
      "services": {
        "appinvite_service": {
          "other_platform_oauth_client": [
            {
              "client_id": "950245445924-ngesr123ek079hsicsa353s6eionnj3v.apps.googleusercontent.com",
              "client_type": 3
            }
          ]
        }
      }
    }
  ],
  "configuration_version": "1"
}